{"loss": [0.1654222160577774, 0.0553041473031044, 0.038087863475084305, 0.029629504308104515, 0.021941086277365685, 0.016445785760879517, 0.013475620187819004, 0.011738111265003681, 0.00827818177640438, 0.008404363878071308], "accuracy": [0.950208306312561, 0.9832083582878113, 0.9883541464805603, 0.9907916784286499, 0.9931874871253967, 0.9947083592414856, 0.9955624938011169, 0.9958750009536743, 0.9971874952316284, 0.9971874952316284], "val_loss": [0.0638623833656311, 0.04920779541134834, 0.04859953746199608, 0.04162413626909256, 0.04084821045398712, 0.04186020419001579, 0.0401286780834198, 0.043524082750082016, 0.05336235091090202, 0.04980180412530899], "val_accuracy": [0.9825000166893005, 0.98416668176651, 0.9853333234786987, 0.9883333444595337, 0.9879999756813049, 0.9882500171661377, 0.9898333549499512, 0.9891666769981384, 0.9887499809265137, 0.9893333315849304]}